/a-web-for-everyone /blog/a-web-for-everyone 301
/calling-rust-from-a-cloudflare-worker /blog/calling-rust-from-a-cloudflare-worker 301
/extracting-an-esm-module-from-a-deno-script /blog/extracting-an-esm-module-from-a-deno-script 301
/first-impressions-of-the-new-github-projects-beta /blog/first-impressions-of-the-new-github-projects-beta 301
/first-steps-using-cloudflare-pages /blog/first-steps-using-cloudflare-pages 301
/forays-from-node-to-rust /blog/forays-from-node-to-rust 301
/fun-with-vercel /blog/fun-with-vercel 301
/getting-started-with-deno /blog/getting-started-with-deno 301
/getting-started-with-go-part-2-pointers /blog/getting-started-with-go-part-2-pointers 301
/getting-started-with-go-part-3-goroutines-and-channels /blog/getting-started-with-go-part-3-goroutines-and-channels 301
/getting-started-with-go /blog/getting-started-with-go 301
/getting-started-with-python-packaging /blog/getting-started-with-python-packaging 301
/github-actions-101 /blog/github-actions-101 301
/migrating-from-cjs-to-esm /blog/migrating-from-cjs-to-esm 301
/preventing-concurrent-github-actions /blog/preventing-concurrent-github-actions 301
/running-a-compiled-deno-script-in-a-github-action /blog/running-a-compiled-deno-script-in-a-github-action 301
/spring-boot-101 /blog/spring-boot-101 301
/using-gitpod-to-create-a-pr /blog/using-gitpod-to-create-a-pr 301
/what-is-git-lfs /blog/what-is-git-lfs 301
/why-serverless-at-the-edge /blog/why-serverless-at-the-edge 301
/why-the-web-needs-better-html-editing-components /blog/why-the-web-needs-better-html-editing-components 301
/about / 301